"File Path: C:\Users\MTS-User\Documents\MEAM 3470 Bungee\Fall 2026\Test Run 17 09-3-26 16 41 01 PM\DAQ- Crosshead, … - (Timed).csv   "
"Test: MTS EM Tension (Simplified) 184"
"Test Run: Test Run 17"
"Date: 9/3/2026 4:39:38 PM"
""
""
"Crosshead ","Load ","Time "
"mm","N","sec"
"0.697014329489321","-0.373648047447205","0.112000003457069"
"1.69378705322742","0.386815339326859","0.211999997496605"
"2.69371643662453","0.855636537075043","0.312000006437302"
"3.6937054246664","0.278787523508072","0.412000000476837"
"4.69375355169177","1.6752907037735","0.512000024318695"
"5.69380214437842","0.790220499038696","0.611999988555908"
"6.6937911324203","0.617892324924469","0.712000012397766"
"7.69378012046218","1.36289238929749","0.811999976634979"
"8.69382824748755","0.154331609606743","0.912000000476837"
"9.69375763088465","1.88415098190308","1.01199996471405"
"10.6938062235713","0.907012104988098","1.11199998855591"
"11.693854816258","1.70427167415619","1.21200001239777"
"12.6937841996551","2.112144947052","1.31200003623962"
"13.6937135830522","1.71414041519165","1.41199994087219"
"14.6937621757388","1.58206868171692","1.51199996471405"
"15.6936906278133","2.87476968765259","1.61199998855591"
"16.6936796158552","1.31116104125977","1.71200001239777"
"17.6936686038971","0.867370128631592","1.81200003623962"
"18.6935979872942","2.11270022392273","1.91199994087219"
"19.6937061846256","1.4708663225174","2.01200008392334"
"20.6936355680227","1.84960770606995","2.11199998855591"
"21.6936841607094","2.64890456199646","2.21199989318848"
"22.6936731487513","2.34269380569458","2.31200003623962"
"23.6937217414379","2.27439427375793","2.41199994087219"
"24.6937107294798","2.0555899143219","2.51200008392334"
"25.6936997175217","2.26231575012207","2.61199998855591"
"26.6937483102083","2.10029816627502","2.71199989318848"
"27.693796902895","1.56674015522003","2.81200003623962"
"28.6937858909369","2.88004636764526","2.91199994087219"
"29.6938344836235","2.65287685394287","3.01200008392334"
"30.6937638670206","1.94404244422913","3.11199998855591"
"31.6938124597073","3.05399680137634","3.21199989318848"
"32.6937399804592","2.86472320556641","3.31200003623962"
"33.693790435791","2.32483196258545","3.41199994087219"
"34.693717956543","3.41071009635925","3.51200008392334"
"35.69370880723","3.73102617263794","3.61199998855591"
"36.6936363279819","1.81975364685059","3.71199989318848"
"37.693627178669","1.14763450622559","3.81200003623962"
"38.6936143040657","2.549236536026","3.91199994087219"
"39.6936647593975","2.48253774642944","4.01200008392334"
"40.6936518847942","2.37778687477112","4.11199998855591"
"41.6936427354813","2.44066953659058","4.21199989318848"
"42.693629860878","3.35253810882568","4.31199979782104"
"43.6936803162098","2.74212121963501","4.41200017929077"
"44.6936674416065","3.12828993797302","4.51200008392334"
"45.693714171648","2.36893677711487","4.61199998855591"
"46.6937646269798","3.55663371086121","4.71199989318848"
"47.6936921477318","3.36094617843628","4.81199979782104"
"48.6938022077084","3.15910887718201","4.91200017929077"
"49.6938489377499","3.28681468963623","5.01200008392334"
"50.6937801837921","3.1822202205658","5.11199998855591"
"51.6937673091888","3.46252775192261","5.21199989318848"
"52.6938177645206","2.70904397964478","5.31199979782104"
"53.6937452852726","3.1363422870636","5.41200017929077"
"54.6936765313148","3.53668069839478","5.51200008392334"
"55.6937232613564","2.70187568664551","5.61199998855591"
"56.6937141120434","3.34455037117004","5.71199989318848"
"57.6937012374401","3.16943573951721","5.81199979782104"
"58.6936920881271","2.92733645439148","5.91200017929077"
"59.6936196088791","3.75661683082581","6.01200008392334"
"60.6936700642109","2.50531482696533","6.11199998855591"
"61.6936571896076","2.81534171104431","6.21199989318848"
"62.6936480402946","3.20387649536133","6.31199979782104"
"63.6936351656914","3.04950165748596","6.41200017929077"
"64.6937415003777","2.99001455307007","6.51200008392334"
"65.693736076355","3.59319806098938","6.61199998855591"
"66.6937828063965","3.63952875137329","6.71199989318848"
"67.6937699317932","3.65518069267273","6.81199979782104"
"68.6938166618347","4.2892746925354","6.91200017929077"
"69.6937441825867","4.14555025100708","7.01200008392334"
"70.6937983632088","3.72692441940308","7.11199998855591"
"71.6937258839607","3.07494688034058","7.21199989318848"
"72.6937726140022","4.16576194763184","7.31199979782104"
"73.6937001347542","4.59246730804443","7.41200017929077"
"74.6937543153763","2.34292030334473","7.51200008392334"
"75.693741440773","3.98524689674377","7.61199998855591"
"76.693668961525","3.72391700744629","7.71199989318848"
"77.6936560869217","4.98795509338379","7.81199979782104"
"78.693650662899","3.28928875923157","7.91200017929077"
"79.6936377882957","3.80627846717834","8.01200008392334"
"80.6936249136925","3.9809672832489","8.11200046539307"
"81.6936120390892","3.62138676643372","8.21199989318848"
"82.6936066150665","4.36996030807495","8.3120002746582"
"83.693653345108","4.14276933670044","8.41199970245361"
"84.6936404705048","3.12792325019836","8.51200008392334"
"85.693746805191","3.58341550827026","8.61200046539307"
"86.6937413811684","3.84537076950073","8.71199989318848"
"87.6937285065651","4.21550989151001","8.8120002746582"
"88.6937752366066","3.38596558570862","8.91199970245361"
"89.6937623620033","3.87670707702637","9.01200008392334"
"90.6938090920448","4.19910907745361","9.11200046539307"
"91.6938036680222","3.96003890037537","9.21199989318848"
"92.6937311887741","4.1948561668396","9.3120002746582"
"93.6937779188156","4.76208448410034","9.41199970245361"
"94.6937054395676","4.57732200622559","9.51200008392334"
"95.6937000155449","4.28020906448364","9.61200046539307"
"96.6936871409416","3.94358372688293","9.71199989318848"
"97.6936742663383","4.24557447433472","9.8120002746582"
"98.6936017870903","4.08884429931641","9.91199970245361"
"99.6935963630676","4.67453813552856","10.0120000839233"
"100.693643093109","3.91790676116943","10.1120004653931"
"101.693570613861","4.48249387741089","10.2119998931885"
"102.693617343903","4.77151679992676","10.3120002746582"
"103.693671524525","4.11030626296997","10.4119997024536"
"104.693658649921","4.53275918960571","10.5120000839233"
"105.693705379963","4.42825078964233","10.6120004653931"
"106.69369250536","4.02468395233154","10.7119998931885"
"107.693746685982","4.97342395782471","10.8120002746582"
"108.693733811378","4.55212497711182","10.9119997024536"
"109.69378054142","4.62938737869263","11.0120000839233"
"110.693767666817","3.84359216690063","11.1120004653931"
"111.693754792213","4.43393707275391","11.2119998931885"
"112.693808972836","4.11097478866577","11.3120002746582"
"113.693736493587","4.39979267120361","11.4119997024536"
"114.693723618984","4.78874778747559","11.5120000839233"
"115.693651139736","4.41007137298584","11.6120004653931"
"116.693705320358","4.69263696670532","11.7119998931885"
"117.69363284111","4.52242708206177","11.8120002746582"
"118.693619966507","4.69996690750122","11.9119997024536"
"119.693607091904","4.65522623062134","12.0120000839233"
"120.693661272526","3.91521191596985","12.1120004653931"
"121.693588793278","5.14395761489868","12.2119998931885"
"122.693635523319","5.14656591415405","12.3120002746582"
"123.693682253361","4.35939073562622","12.4119997024536"
"124.693676829338","3.8885645866394","12.5120000839233"
"125.693663954735","4.96456861495972","12.6120004653931"
"126.693770289421","4.93518352508545","12.7119998931885"
"127.693757414818","4.95295381546021","12.8120002746582"
"128.693744540215","5.11478757858276","12.9119997024536"
"129.693791270256","5.82582139968872","13.0120000839233"
"130.693793296814","5.07239723205566","13.1120004653931"
"131.693780422211","5.15175104141235","13.2119998931885"
"132.693827152252","4.61292695999146","13.3120002746582"
"133.693754673004","4.57025623321533","13.4119997024536"
"134.693741798401","5.46845579147339","13.5120000839233"
"135.693728923798","5.0408935546875","13.6120004653931"
"136.693716049194","5.6741361618042","13.7119998931885"
"137.693643569946","4.81285095214844","13.8120002746582"
"138.693630695343","5.23339557647705","13.9119997024536"
"139.693632721901","4.80376386642456","14.0120000839233"
"140.693619847298","4.90558242797852","14.1120004653931"
"141.693666577339","4.87916707992554","14.2119998931885"
"142.693653702736","4.35332202911377","14.3120002746582"
"143.693581223488","6.05498504638672","14.4119997024536"
"144.693627953529","4.75335836410522","14.5120000839233"
"145.693734288216","5.34784841537476","14.6120004653931"
"146.693721413612","5.32247304916382","14.7119998931885"
"147.693783044815","5.19342517852783","14.8120002746582"
"148.693770170212","4.90352392196655","14.9119997024536"
"149.693757295609","5.0360426902771","15.0120000839233"
"150.693744421005","5.44139385223389","15.1120004653931"
"151.693791151047","3.92956495285034","15.2119998931885"
"152.693778276443","5.40736246109009","15.3120002746582"
"153.693646192551","5.37264156341553","15.4119997024536"
"154.693692922592","5.95338726043701","15.5120000839233"
"155.693680047989","5.11526203155518","15.6120004653931"
"156.693622469902","4.25601434707642","15.7119998931885"
"157.693728804588","5.08591985702515","15.8120002746582"
"158.69365632534","5.39648056030273","15.9119997024536"
"159.693643450737","4.72247505187988","16.011999130249"
"160.693570971489","5.46664476394653","16.1119995117188"
"161.69361770153","5.4407844543457","16.2119998931885"
"162.693604826927","5.3595495223999","16.3120002746582"
"163.693651556969","5.28868961334229","16.4120006561279"
"164.693653583527","5.46927499771118","16.511999130249"
"165.693759918213","5.38616991043091","16.6119995117188"
"166.693687438965","5.85459232330322","16.7119998931885"
"167.693734169006","6.2143669128418","16.8120002746582"
"168.693780899048","5.67451333999634","16.9120006561279"
"169.693827629089","5.66823959350586","17.011999130249"
"170.693755149841","6.15229797363281","17.1119995117188"
"171.693801879883","5.79111623764038","17.2119998931885"
"172.693803906441","5.65480852127075","17.3120002746582"
"173.693791031837","5.79837083816528","17.4120006561279"
"174.693718552589","5.52424573898315","17.511999130249"
"175.693705677986","5.85223150253296","17.6119995117188"
"176.693692803383","5.48681879043579","17.7119998931885"
"177.69367992878","5.67753171920776","17.8120002746582"
"178.693667054176","5.17725038528442","17.9120006561279"
"179.693594574928","6.04051876068115","18.011999130249"
"180.69364130497","6.09062767028809","18.1119995117188"
"181.693643331528","5.24223518371582","18.2119998931885"
"182.693630456924","5.02984476089478","18.3120002746582"
"183.693677186966","6.0671820640564","18.4120006561279"
"184.693664312363","5.66742038726807","18.511999130249"
"185.693651437759","5.68556785583496","18.6119995117188"
"186.693757772446","5.10815858840942","18.7119998931885"
"187.693744897842","5.6939811706543","18.8120002746582"
"188.693732023239","5.64864778518677","18.9120006561279"
"189.693793654442","5.83703756332397","19.011999130249"
"190.693840384483","6.19240856170654","19.1119995117188"
"191.693767905235","6.22314119338989","19.2119998931885"
"192.693814635277","5.81947231292725","19.3120002746582"
"193.693742156029","6.13434982299805","19.4120006561279"
"194.693729281425","5.96507787704468","19.511999130249"
"195.693716406822","6.71270275115967","19.6119995117188"
"196.693763136864","6.05768537521362","19.7119998931885"
"197.693690657616","6.51916027069092","19.8120002746582"
"198.693633079529","6.35267448425293","19.9120006561279"
"199.69367980957","5.70354843139648","20.011999130249"
"200.693607330322","6.02868270874023","20.1119995117188"
"201.693654060364","6.12975215911865","20.2119998931885"
"202.69364118576","5.92964506149292","20.3120002746582"
"203.693687915802","6.66765975952148","20.4120006561279"
"204.693615436554","5.1939263343811","20.511999130249"
"205.69372177124","6.08421945571899","20.6119995117188"
"206.693723797798","5.86156129837036","20.7119998931885"
"207.69377052784","6.53569078445435","20.8120002746582"
"208.693757653236","7.11690521240234","20.9120006561279"
"209.693744778633","6.13641405105591","21.011999130249"
"210.693791508675","6.98390102386475","21.1119995117188"
"211.693778634071","6.65218591690063","21.2119998931885"
"212.693765759468","7.00205945968628","21.3120002746582"
"213.693752884865","6.6020393371582","21.4120006561279"
"214.693695306778","6.21550416946411","21.511999130249"
"215.693682432175","6.25939321517944","21.6119995117188"
"216.693729162216","6.16296434402466","21.7119998931885"
"217.693656682968","6.01533222198486","21.8120002746582"
"218.69358420372","6.41264152526855","21.9120006561279"
"219.693630933762","6.54608774185181","22.011999130249"
"220.693558454514","6.37272453308105","22.1119995117188"
"221.693605184555","7.04931211471558","22.2119998931885"
"222.693592309952","7.18519973754883","22.3120002746582"
"223.693653941154","6.36508178710938","22.4120006561279"
"224.693581461906","6.59399223327637","22.511999130249"
"225.693687796593","6.75237703323364","22.6119995117188"
"226.693674921989","6.69807481765747","22.7119998931885"
"227.693721652031","6.85692834854126","22.8120002746582"
"228.693708777428","6.6539158821106","22.9120006561279"
"229.693755507469","7.29710245132446","23.011999130249"
"230.693683028221","6.99011564254761","23.1119995117188"
"231.693744659424","7.77668190002441","23.2119998931885"
"232.693791389465","6.9701247215271","23.3120002746582"
"233.693659305573","7.5453462600708","23.4120006561279"
"234.693706035614","6.88017463684082","23.511999130249"
"235.693752765656","7.66407299041748","23.6119995117188"
"236.693620681763","6.56329727172852","23.7119998931885"
"237.693607807159","7.20412302017212","23.8120002746582"
"238.693594932556","6.82917594909668","23.9120006561279"
"239.693596959114","7.19249200820923","24.011999130249"
"240.693524479866","6.94754695892334","24.1119995117188"
"241.693571209908","6.79468679428101","24.2119998931885"
"242.693617939949","7.10648679733276","24.3120002746582"
"243.693545460701","7.44007778167725","24.4120006561279"
"244.693651795387","7.55800151824951","24.511999130249"
"245.693579316139","6.84088277816772","24.6119995117188"
"246.693626046181","7.11141872406006","24.7119998931885"
"247.693672776222","6.93818473815918","24.8120002746582"
"248.693734407425","6.9780855178833","24.9120006561279"
"249.693721532822","8.1192684173584","25.011999130249"
"250.693708658218","7.14583778381348","25.1119995117188"
"251.69375538826","7.70425891876221","25.2119998931885"
"252.693742513657","7.27434682846069","25.3120002746582"
"253.693729639053","6.77788162231445","25.4120006561279"
"254.69371676445","7.18256378173828","25.511999130249"
"255.693703889847","7.73673248291016","25.6119995117188"
"256.693691015244","7.27287006378174","25.7119998931885"
"257.693618535995","7.69379758834839","25.8120002746582"
"258.693605661392","7.68807888031006","25.9120006561279"
"259.693533182144","8.32712650299072","26.011999130249"
"260.693609714508","7.00616645812988","26.1119995117188"
"261.693596839905","6.65877199172974","26.2119998931885"
"262.693583965302","7.56757926940918","26.3120002746582"
"263.693571090698","7.33330059051514","26.4120006561279"
"264.69361782074","7.13762378692627","26.511999130249"
"265.693604946136","7.90512084960938","26.6119995117188"
"266.693711280823","6.81891918182373","26.7119998931885"
"267.693698406219","8.83902263641357","26.8120002746582"
"268.693685531616","7.67346715927124","26.9120006561279"
"269.693672657013","7.33194780349731","27.011999130249"
"270.693778991699","7.6509108543396","27.1119995117188"
"271.693706512451","7.35130786895752","27.2119998931885"
"272.693753242493","7.76950788497925","27.3120002746582"
"273.693799972534","7.90545511245728","27.4120006561279"
"274.693667888641","8.29507827758789","27.511999130249"
"275.693714618683","7.16196393966675","27.6119995117188"
"276.693642139435","7.74481201171875","27.7119998931885"
"277.693659067154","7.05005550384521","27.8120002746582"
"278.693586587906","7.93407487869263","27.9120006561279"
"279.693633317947","8.26948261260986","28.011999130249"
"280.693620443344","7.74538850784302","28.1119995117188"
"281.693547964096","8.03091907501221","28.2119998931885"
"282.693654298782","8.18919563293457","28.3120002746582"
"283.693581819534","6.50542688369751","28.4120006561279"
"284.693628549576","8.24652194976807","28.511999130249"
"285.693675279617","8.04976177215576","28.6119995117188"
"286.693662405014","8.61444568634033","28.7119998931885"
"287.693649530411","7.34162759780884","28.8120002746582"
"288.693696260452","7.28988027572632","28.9120006561279"
"289.693802595139","7.95804882049561","29.011999130249"
"290.693670511246","7.60859537124634","29.1119995117188"
"291.693776845932","8.16683387756348","29.2119998931885"
"292.693763971329","7.55618524551392","29.3120002746582"
"293.693691492081","8.84531307220459","29.4120006561279"
"294.6937084198","8.54585552215576","29.511999130249"
"295.693695545197","8.30279636383057","29.6119995117188"
"296.693682670593","8.41093730926514","29.7119998931885"
"297.69366979599","7.82964754104614","29.8120002746582"
"298.693656921387","8.26957416534424","29.9120006561279"
"299.693644046783","8.62695026397705","30.011999130249"
"300.693571567535","8.88183403015137","30.1119995117188"
"301.693558692932","8.18957328796387","30.2119998931885"
"302.693545818329","8.60733127593994","30.3120002746582"
